<?xml version="1.0" encoding="utf-8" ?><dwsync><file name="OFL.txt" server="Untitled/Applications/XAMPP/xamppfiles/htdocs/tes/" local="3429799200" remote="3429799200" Dst="-1" /><file name="Raleway-Black.ttf" server="Untitled/Applications/XAMPP/xamppfiles/htdocs/tes/" local="3429799200" remote="3429799200" Dst="-1" /><file name="Raleway-BlackItalic.ttf" server="Untitled/Applications/XAMPP/xamppfiles/htdocs/tes/" local="3429799200" remote="3429799200" Dst="-1" /><file name="Raleway-Bold.ttf" server="Untitled/Applications/XAMPP/xamppfiles/htdocs/tes/" local="3429799200" remote="3429799200" Dst="-1" /><file name="Raleway-BoldItalic.ttf" server="Untitled/Applications/XAMPP/xamppfiles/htdocs/tes/" local="3429799200" remote="3429799200" Dst="-1" /><file name="Raleway-ExtraBold.ttf" server="Untitled/Applications/XAMPP/xamppfiles/htdocs/tes/" local="3429799200" remote="3429799200" Dst="-1" /><file name="Raleway-ExtraBoldItalic.ttf" server="Untitled/Applications/XAMPP/xamppfiles/htdocs/tes/" local="3429799200" remote="3429799200" Dst="-1" /><file name="Raleway-ExtraLight.ttf" server="Untitled/Applications/XAMPP/xamppfiles/htdocs/tes/" local="3429799200" remote="3429799200" Dst="-1" /><file name="Raleway-ExtraLightItalic.ttf" server="Untitled/Applications/XAMPP/xamppfiles/htdocs/tes/" local="3429799200" remote="3429799200" Dst="-1" /><file name="Raleway-Italic.ttf" server="Untitled/Applications/XAMPP/xamppfiles/htdocs/tes/" local="3429799200" remote="3429799200" Dst="-1" /><file name="Raleway-Light.ttf" server="Untitled/Applications/XAMPP/xamppfiles/htdocs/tes/" local="3429799200" remote="3429799200" Dst="-1" /><file name="Raleway-LightItalic.ttf" server="Untitled/Applications/XAMPP/xamppfiles/htdocs/tes/" local="3429799200" remote="3429799200" Dst="-1" /><file name="Raleway-Medium.ttf" server="Untitled/Applications/XAMPP/xamppfiles/htdocs/tes/" local="3429799200" remote="3429799200" Dst="-1" /><file name="Raleway-MediumItalic.ttf" server="Untitled/Applications/XAMPP/xamppfiles/htdocs/tes/" local="3429799200" remote="3429799200" Dst="-1" /><file name="Raleway-Regular.ttf" server="Untitled/Applications/XAMPP/xamppfiles/htdocs/tes/" local="3429799200" remote="3429799200" Dst="-1" /><file name="Raleway-SemiBold.ttf" server="Untitled/Applications/XAMPP/xamppfiles/htdocs/tes/" local="3429799200" remote="3429799200" Dst="-1" /><file name="Raleway-SemiBoldItalic.ttf" server="Untitled/Applications/XAMPP/xamppfiles/htdocs/tes/" local="3429799200" remote="3429799200" Dst="-1" /><file name="Raleway-Thin.ttf" server="Untitled/Applications/XAMPP/xamppfiles/htdocs/tes/" local="3429799200" remote="3429799200" Dst="-1" /><file name="Raleway-ThinItalic.ttf" server="Untitled/Applications/XAMPP/xamppfiles/htdocs/tes/" local="3429799200" remote="3429799200" Dst="-1" /></dwsync>