<?xml version="1.0" encoding="utf-8" ?><dwsync><file name="Montserrat-Black.ttf" server="Untitled/Applications/XAMPP/xamppfiles/htdocs/tes/" local="3406554000" remote="3406554000" Dst="-1" /><file name="Montserrat-BlackItalic.ttf" server="Untitled/Applications/XAMPP/xamppfiles/htdocs/tes/" local="3406554000" remote="3406554000" Dst="-1" /><file name="Montserrat-Bold.ttf" server="Untitled/Applications/XAMPP/xamppfiles/htdocs/tes/" local="3406554000" remote="3406554000" Dst="-1" /><file name="Montserrat-BoldItalic.ttf" server="Untitled/Applications/XAMPP/xamppfiles/htdocs/tes/" local="3406554000" remote="3406554000" Dst="-1" /><file name="Montserrat-ExtraBold.ttf" server="Untitled/Applications/XAMPP/xamppfiles/htdocs/tes/" local="3406554000" remote="3406554000" Dst="-1" /><file name="Montserrat-ExtraBoldItalic.ttf" server="Untitled/Applications/XAMPP/xamppfiles/htdocs/tes/" local="3406554000" remote="3406554000" Dst="-1" /><file name="Montserrat-ExtraLight.ttf" server="Untitled/Applications/XAMPP/xamppfiles/htdocs/tes/" local="3406554000" remote="3406554000" Dst="-1" /><file name="Montserrat-ExtraLightItalic.ttf" server="Untitled/Applications/XAMPP/xamppfiles/htdocs/tes/" local="3406554000" remote="3406554000" Dst="-1" /><file name="Montserrat-Italic.ttf" server="Untitled/Applications/XAMPP/xamppfiles/htdocs/tes/" local="3406554000" remote="3406554000" Dst="-1" /><file name="Montserrat-Light.ttf" server="Untitled/Applications/XAMPP/xamppfiles/htdocs/tes/" local="3406554000" remote="3406554000" Dst="-1" /><file name="Montserrat-LightItalic.ttf" server="Untitled/Applications/XAMPP/xamppfiles/htdocs/tes/" local="3406554000" remote="3406554000" Dst="-1" /><file name="Montserrat-Medium.ttf" server="Untitled/Applications/XAMPP/xamppfiles/htdocs/tes/" local="3406554000" remote="3406554000" Dst="-1" /><file name="Montserrat-MediumItalic.ttf" server="Untitled/Applications/XAMPP/xamppfiles/htdocs/tes/" local="3406554000" remote="3406554000" Dst="-1" /><file name="Montserrat-Regular.ttf" server="Untitled/Applications/XAMPP/xamppfiles/htdocs/tes/" local="3406554000" remote="3406554000" Dst="-1" /><file name="Montserrat-SemiBold.ttf" server="Untitled/Applications/XAMPP/xamppfiles/htdocs/tes/" local="3406554000" remote="3406554000" Dst="-1" /><file name="Montserrat-SemiBoldItalic.ttf" server="Untitled/Applications/XAMPP/xamppfiles/htdocs/tes/" local="3406554000" remote="3406554000" Dst="-1" /><file name="Montserrat-Thin.ttf" server="Untitled/Applications/XAMPP/xamppfiles/htdocs/tes/" local="3406554000" remote="3406554000" Dst="-1" /><file name="Montserrat-ThinItalic.ttf" server="Untitled/Applications/XAMPP/xamppfiles/htdocs/tes/" local="3406554000" remote="3406554000" Dst="-1" /><file name="OFL.txt" server="Untitled/Applications/XAMPP/xamppfiles/htdocs/tes/" local="3406554000" remote="3406554000" Dst="-1" /></dwsync>