<?xml version="1.0" encoding="utf-8" ?><dwsync><file name="Poppins-Black.ttf" server="Untitled/Applications/XAMPP/xamppfiles/htdocs/tes/" local="3516112800" remote="3516112800" Dst="-1" /><file name="Poppins-BlackItalic.ttf" server="Untitled/Applications/XAMPP/xamppfiles/htdocs/tes/" local="3516112800" remote="3516112800" Dst="-1" /><file name="Poppins-Bold.ttf" server="Untitled/Applications/XAMPP/xamppfiles/htdocs/tes/" local="3516112800" remote="3516112800" Dst="-1" /><file name="Poppins-BoldItalic.ttf" server="Untitled/Applications/XAMPP/xamppfiles/htdocs/tes/" local="3516112800" remote="3516112800" Dst="-1" /><file name="Poppins-ExtraBold.ttf" server="Untitled/Applications/XAMPP/xamppfiles/htdocs/tes/" local="3516112800" remote="3516112800" Dst="-1" /><file name="Poppins-ExtraBoldItalic.ttf" server="Untitled/Applications/XAMPP/xamppfiles/htdocs/tes/" local="3516112800" remote="3516112800" Dst="-1" /><file name="Poppins-ExtraLight.ttf" server="Untitled/Applications/XAMPP/xamppfiles/htdocs/tes/" local="3516112800" remote="3516112800" Dst="-1" /><file name="Poppins-ExtraLightItalic.ttf" server="Untitled/Applications/XAMPP/xamppfiles/htdocs/tes/" local="3516112800" remote="3516112800" Dst="-1" /><file name="Poppins-Italic.ttf" server="Untitled/Applications/XAMPP/xamppfiles/htdocs/tes/" local="3516112800" remote="3516112800" Dst="-1" /><file name="Poppins-Light.ttf" server="Untitled/Applications/XAMPP/xamppfiles/htdocs/tes/" local="3516112800" remote="3516112800" Dst="-1" /><file name="Poppins-LightItalic.ttf" server="Untitled/Applications/XAMPP/xamppfiles/htdocs/tes/" local="3516112800" remote="3516112800" Dst="-1" /><file name="Poppins-Medium.ttf" server="Untitled/Applications/XAMPP/xamppfiles/htdocs/tes/" local="3516112800" remote="3516112800" Dst="-1" /><file name="Poppins-MediumItalic.ttf" server="Untitled/Applications/XAMPP/xamppfiles/htdocs/tes/" local="3516112800" remote="3516112800" Dst="-1" /><file name="Poppins-Regular.ttf" server="Untitled/Applications/XAMPP/xamppfiles/htdocs/tes/" local="3516112800" remote="3516112800" Dst="-1" /><file name="Poppins-SemiBold.ttf" server="Untitled/Applications/XAMPP/xamppfiles/htdocs/tes/" local="3516112800" remote="3516112800" Dst="-1" /><file name="Poppins-SemiBoldItalic.ttf" server="Untitled/Applications/XAMPP/xamppfiles/htdocs/tes/" local="3516112800" remote="3516112800" Dst="-1" /><file name="Poppins-Thin.ttf" server="Untitled/Applications/XAMPP/xamppfiles/htdocs/tes/" local="3516112800" remote="3516112800" Dst="-1" /><file name="Poppins-ThinItalic.ttf" server="Untitled/Applications/XAMPP/xamppfiles/htdocs/tes/" local="3516112800" remote="3516112800" Dst="-1" /></dwsync>