<?xml version="1.0" encoding="utf-8" ?><dwsync><file name="_animated.scss" server="Untitled/Applications/XAMPP/xamppfiles/htdocs/tes/" local="3578381032" remote="3578381032" Dst="-1" /><file name="_bordered-pulled.scss" server="Untitled/Applications/XAMPP/xamppfiles/htdocs/tes/" local="3578381032" remote="3578381032" Dst="-1" /><file name="_core.scss" server="Untitled/Applications/XAMPP/xamppfiles/htdocs/tes/" local="3578381032" remote="3578381032" Dst="-1" /><file name="_fixed-width.scss" server="Untitled/Applications/XAMPP/xamppfiles/htdocs/tes/" local="3578381032" remote="3578381032" Dst="-1" /><file name="_icons.scss" server="Untitled/Applications/XAMPP/xamppfiles/htdocs/tes/" local="3578381032" remote="3578381032" Dst="-1" /><file name="_larger.scss" server="Untitled/Applications/XAMPP/xamppfiles/htdocs/tes/" local="3578381032" remote="3578381032" Dst="-1" /><file name="_list.scss" server="Untitled/Applications/XAMPP/xamppfiles/htdocs/tes/" local="3578381032" remote="3578381032" Dst="-1" /><file name="_mixins.scss" server="Untitled/Applications/XAMPP/xamppfiles/htdocs/tes/" local="3578381032" remote="3578381032" Dst="-1" /><file name="_path.scss" server="Untitled/Applications/XAMPP/xamppfiles/htdocs/tes/" local="3578381032" remote="3578381032" Dst="-1" /><file name="_rotated-flipped.scss" server="Untitled/Applications/XAMPP/xamppfiles/htdocs/tes/" local="3578381032" remote="3578381032" Dst="-1" /><file name="_screen-reader.scss" server="Untitled/Applications/XAMPP/xamppfiles/htdocs/tes/" local="3578381032" remote="3578381032" Dst="-1" /><file name="_stacked.scss" server="Untitled/Applications/XAMPP/xamppfiles/htdocs/tes/" local="3578381032" remote="3578381032" Dst="-1" /><file name="_variables.scss" server="Untitled/Applications/XAMPP/xamppfiles/htdocs/tes/" local="3578381032" remote="3578381032" Dst="-1" /><file name="font-awesome.scss" server="Untitled/Applications/XAMPP/xamppfiles/htdocs/tes/" local="3578381032" remote="3578381032" Dst="-1" /></dwsync>