<?xml version="1.0" encoding="utf-8" ?><dwsync><file name="main.css" server="Untitled/Applications/XAMPP/xamppfiles/htdocs/tes/" local="3619519291" remote="3619519291" Dst="-1" /><file name="util.css" server="Untitled/Applications/XAMPP/xamppfiles/htdocs/tes/" local="3595999440" remote="3595999440" Dst="-1" /><file name="bootstrap.min.css" server="Untitled/Applications/XAMPP/xamppfiles/htdocs/tes/" local="3561099044" remote="3561099044" Dst="-1" /><file name="demo.css" server="Untitled/Applications/XAMPP/xamppfiles/htdocs/tes/" local="3561099044" remote="3561099044" Dst="-1" /><file name="hamburgers.css" server="Untitled/Applications/XAMPP/xamppfiles/htdocs/tes/" local="3585743152" remote="3585743152" Dst="-1" /><file name="hamburgers.min.css" server="Untitled/Applications/XAMPP/xamppfiles/htdocs/tes/" local="3585743152" remote="3585743152" Dst="-1" /><file name="material-dashboard.css" server="Untitled/Applications/XAMPP/xamppfiles/htdocs/tes/" local="3561099044" remote="3561099044" Dst="-1" /><file name="animate.css" server="Untitled/Applications/XAMPP/xamppfiles/htdocs/tes/" local="3587004146" remote="3587004146" Dst="-1" /><file name="select2.css" server="Untitled/Applications/XAMPP/xamppfiles/htdocs/tes/" local="3586341864" remote="3586341864" Dst="-1" /><file name="select2.min.css" server="Untitled/Applications/XAMPP/xamppfiles/htdocs/tes/" local="3586344758" remote="3586344758" Dst="-1" /></dwsync>