<?xml version="1.0" encoding="utf-8" ?><dwsync><file name="animated.less" server="Untitled/Applications/XAMPP/xamppfiles/htdocs/tes/" local="3578381032" remote="3578381032" Dst="-1" /><file name="bordered-pulled.less" server="Untitled/Applications/XAMPP/xamppfiles/htdocs/tes/" local="3578381032" remote="3578381032" Dst="-1" /><file name="core.less" server="Untitled/Applications/XAMPP/xamppfiles/htdocs/tes/" local="3578381032" remote="3578381032" Dst="-1" /><file name="fixed-width.less" server="Untitled/Applications/XAMPP/xamppfiles/htdocs/tes/" local="3578381032" remote="3578381032" Dst="-1" /><file name="font-awesome.less" server="Untitled/Applications/XAMPP/xamppfiles/htdocs/tes/" local="3578381032" remote="3578381032" Dst="-1" /><file name="icons.less" server="Untitled/Applications/XAMPP/xamppfiles/htdocs/tes/" local="3578381032" remote="3578381032" Dst="-1" /><file name="larger.less" server="Untitled/Applications/XAMPP/xamppfiles/htdocs/tes/" local="3578381032" remote="3578381032" Dst="-1" /><file name="list.less" server="Untitled/Applications/XAMPP/xamppfiles/htdocs/tes/" local="3578381032" remote="3578381032" Dst="-1" /><file name="mixins.less" server="Untitled/Applications/XAMPP/xamppfiles/htdocs/tes/" local="3578381032" remote="3578381032" Dst="-1" /><file name="path.less" server="Untitled/Applications/XAMPP/xamppfiles/htdocs/tes/" local="3578381032" remote="3578381032" Dst="-1" /><file name="rotated-flipped.less" server="Untitled/Applications/XAMPP/xamppfiles/htdocs/tes/" local="3578381032" remote="3578381032" Dst="-1" /><file name="screen-reader.less" server="Untitled/Applications/XAMPP/xamppfiles/htdocs/tes/" local="3578381032" remote="3578381032" Dst="-1" /><file name="stacked.less" server="Untitled/Applications/XAMPP/xamppfiles/htdocs/tes/" local="3578381032" remote="3578381032" Dst="-1" /><file name="variables.less" server="Untitled/Applications/XAMPP/xamppfiles/htdocs/tes/" local="3578381032" remote="3578381032" Dst="-1" /></dwsync>